,theta0,theta1
0,8499.599649933081,-0.021448963591701103
