,theta0,theta1
0,8499.599649933203,-0.021448963591702192
