,theta0,theta1
0,8499.59964993321,-0.021448963591702258
